TOA5,CR1000,60955,CR1000.Std.26,CPU:NoNameSapFlux_SouthFace.CR1,1705,NN_SF1
TIMESTAMP,Stem_Temp,Dead_Sensor,Good_data1,Bad_Sections,Good_Incomplete,Erratic_Sensor
TS,Deg C,mV,mV,mV,mV,mV
,Avg,Avg,Avg,Avg,Avg,Avg
5/23/15 7:30,0.36,0,0.93,0.66,1.14,0.45
5/23/15 8:00,1.894,0,0.94,0.66,1.141,0.46
5/23/15 8:30,3.935,0,0.94,0.67,1.133,0.47
5/23/15 9:00,5.837,0,0.93,0.67,1.119,0.47
5/23/15 9:30,7.319,0,0.89,0.67,1.112,0.48
5/23/15 10:00,9.77,0,0.84,0.67,1.1,0.48
5/23/15 10:30,12.75,0,0.82,0.67,1.097,0.45
5/23/15 11:00,12.49,0,0.82,0.66,1.096,0.44
5/23/15 11:30,11.29,0,0.83,0.65,1.092,0.44
5/23/15 12:00,9.37,0,0.84,0.65,1.088,0.44
5/23/15 12:30,6.692,0,0.86,0.65,1.092,0.43
5/23/15 13:00,4.906,0,0.88,0.66,1.101,0.44
5/23/15 13:30,5.891,0,0.9,0.66,1.112,0.45
5/23/15 14:00,11.92,0,0.91,0.66,1.121,0.45
5/23/15 14:30,16.9,0,0.9,0.66,1.114,0.46
5/23/15 15:00,16.96,0,0.89,0.66,1.109,0.45
5/23/15 15:30,14.03,0,0.87,0.66,1.105,0.45
5/23/15 16:00,9.95,0,0.86,0.66,1.107,0.45
5/23/15 16:30,7.255,0,0.85,0.66,1.096,0.44
5/23/15 17:00,4.803,0,0.87,0.66,1.105,0.41
5/23/15 17:30,2.816,0,0.89,0.66,1.115,0.44
5/23/15 18:00,1.998,0,0.91,0.66,1.122,0.44
5/23/15 18:30,1.651,0,0.92,0.66,1.127,0.45
5/23/15 19:00,1.438,0,0.92,0.66,1.128,0.45
5/23/15 19:30,1.293,0,0.91,0.66,1.13,0.45
5/23/15 20:00,1.09,0,0.91,0.65,1.129,0.44
5/23/15 20:30,0.9,0,0.91,0.65,1.128,0.44
5/23/15 21:00,0.67,0,0.91,0.65,1.128,0.44
5/23/15 21:30,0.4,0,0.9,0.64,1.126,0.43
5/23/15 22:00,0.06,0,0.9,0.64,1.125,0.43
5/23/15 22:30,-0.08,0,0.9,0.64,1.125,0.43
5/23/15 23:00,-0.18,0,0.9,0.64,1.126,0.44
5/23/15 23:30,-0.26,0,0.89,0.64,1.125,0.44
5/24/15 0:00,-0.36,0,0.89,0.63,1.125,0.44
5/24/15 0:30,-0.42,0,0.89,0.63,1.127,0.44
5/24/15 1:00,-0.47,0,0.89,0.63,1.128,0.44
5/24/15 1:30,-0.39,0,0.89,0.63,1.126,0.44
5/24/15 2:00,-0.3,0,0.89,0.63,1.126,0.44
5/24/15 2:30,-0.26,0,0.88,0.63,1.126,0.44
5/24/15 3:00,-0.2,0,0.88,0.63,1.125,0.44
5/24/15 3:30,-0.23,0,0.88,0.63,1.126,0.44
5/24/15 4:00,-0.16,0,0.88,0.63,1.125,0.43
5/24/15 4:30,-0.11,0,0.88,0.63,1.125,0.43
5/24/15 5:00,-0.2,0,0.88,0.63,1.125,0.43
5/24/15 5:30,-0.39,0,0.88,0.63,1.125,0.44
5/24/15 6:00,-0.68,0,0.88,0.63,1.126,0.43
5/24/15 6:30,-0.75,0,0.89,0.63,1.128,0.44
5/24/15 7:00,-0.57,0,0.9,0.65,1.128,0.45
5/24/15 7:30,0.83,0,0.93,0.66,1.132,0.44
5/24/15 8:00,2.854,0,0.93,0.66,1.135,0.44
5/24/15 8:30,4.969,0,0.93,0.66,1.131,0.44
5/24/15 9:00,6.093,0,0.92,0.66,1.123,0.44
5/24/15 9:30,6.319,0,0.91,0.67,1.115,0.45
5/24/15 10:00,6.184,0,0.88,0.67,1.113,0.46
5/24/15 10:30,7.468,0,0.87,0.67,1.109,0.45
5/24/15 11:00,7.292,0,0.86,0.67,1.109,0.45
5/24/15 11:30,7.616,0,0.85,0.67,1.104,0.44
5/24/15 12:00,7.474,0,0.85,0.67,1.101,0.42
5/24/15 12:30,10.21,0,0.85,0.66,1.101,0.44
5/24/15 13:00,9.04,0,0.85,0.66,1.103,0.44
5/24/15 13:30,6.532,0,0.86,0.66,1.105,0.43
5/24/15 14:00,4.671,0,0.88,0.66,1.11,0.43
5/24/15 14:30,2.952,0,0.89,0.66,1.116,0.43
5/24/15 15:00,2.104,0,0.9,0.66,1.121,0.44
5/24/15 15:30,2.097,0,0.9,0.66,1.123,0.67
5/24/15 16:00,2.023,0,0.9,0.65,1.124,0.67
5/24/15 16:30,1.487,0,0.9,0.65,1.124,0.67
5/24/15 17:00,1.028,0,0.9,0.65,1.125,0.67
5/24/15 17:30,0.94,0,0.9,0.64,1.128,0.67
5/24/15 18:00,1.189,0,0.89,0.64,1.128,0.67
5/24/15 18:30,1.252,0,0.89,0.64,1.128,0.67
5/24/15 19:00,1.066,0,0.89,0.64,1.129,0.67
5/24/15 19:30,0.87,0,0.89,0.63,1.13,0.67
5/24/15 20:00,0.74,0,0.89,0.63,1.131,0.67
5/24/15 20:30,0.24,0,0.89,0.63,1.13,0.67
5/24/15 21:00,-0.32,0,0.88,0.63,1.127,0.67
5/24/15 21:30,-1.003,0,0.88,0.63,1.124,0.43
5/24/15 22:00,-1.28,0,0.88,0.63,1.125,0.44
5/24/15 22:30,-1.364,0,0.88,0.63,1.126,0.43
5/24/15 23:00,-1.6,0,0.88,0.63,1.126,0.44
5/24/15 23:30,-1.847,0,0.88,0.63,1.127,0.44
5/25/15 0:00,-2.195,0,0.88,0.63,1.127,0.44
5/25/15 0:30,-2.498,0,0.88,0.62,1.128,0.44
5/25/15 1:00,-2.797,0,0.88,0.62,1.131,0.44
5/25/15 1:30,-3.09,0,0.88,0.62,1.13,0.45
5/25/15 2:00,-3.353,0,0.88,0.62,1.131,0.45
5/25/15 2:30,-3.637,0,0.88,0.62,1.132,0.45
5/25/15 3:00,-3.544,0,0.88,0.62,1.134,0.45
5/25/15 3:30,-3.277,0,0.88,0.62,1.133,0.44
5/25/15 4:00,-2.943,0,0.88,0.62,1.132,0.44
5/25/15 4:30,-2.47,0,0.87,0.62,1.135,0.44
5/25/15 5:00,-2.125,0,0.87,0.62,1.133,0.44
5/25/15 5:30,-1.852,0,0.87,0.62,1.132,0.44
5/25/15 6:00,-1.513,0,0.87,0.62,1.132,0.44
5/25/15 6:30,-1.012,0,0.86,0.62,1.133,0.43
5/25/15 7:00,-0.54,0,0.86,0.62,1.131,0.45
5/25/15 7:30,0.27,0,0.86,0.62,1.132,0.45
5/25/15 8:00,1.804,0,0.86,0.61,1.127,0.45
5/25/15 8:30,3.596,0,0.86,0.61,1.122,0.45
5/25/15 9:00,4.995,0,0.86,0.61,1.123,0.46
5/25/15 9:30,6.202,0,0.86,0.61,1.128,0.46
5/25/15 10:00,7.335,0,0.86,0.61,1.132,0.48
5/25/15 10:30,8.18,0,0.86,0.61,1.138,0.46
5/25/15 11:00,7.395,0,0.86,0.62,1.141,0.47
5/25/15 11:30,7.058,0,0.85,0.62,1.139,0.47
5/25/15 12:00,6.8,0,0.85,0.62,1.136,0.47
5/25/15 12:30,6.898,0,0.84,0.62,1.132,0.47
5/25/15 13:00,7.755,0,0.84,0.62,,0.47
5/25/15 13:30,9,0,0.83,0.63,,0.47
5/25/15 14:00,10.32,0,0.82,0.63,,0.47
5/25/15 14:30,11.46,0,0.81,0.63,,0.46
5/25/15 15:00,11.96,0,0.79,0.63,,0.46
5/25/15 15:30,13.47,0,0.78,0.64,,0.45
5/25/15 16:00,13.44,0,0.78,0.63,,0.44
5/25/15 16:30,8.99,0,0.8,0.63,,0.44
5/25/15 17:00,6.208,0,0.82,0.63,,0.44
5/25/15 17:30,4.85,0,0.83,0.63,,0.44
5/25/15 18:00,3.894,0,0.84,0.63,,0.45
5/25/15 18:30,3.041,0,0.85,0.63,,0.45
5/25/15 19:00,2.499,0,0.86,0.64,,0.44
5/25/15 19:30,2.12,0,0.86,0.63,,0.44
5/25/15 20:00,1.657,0,0.87,0.63,,0.44
5/25/15 20:30,1.22,0,0.87,0.63,,0.44
5/25/15 21:00,0.89,0,0.87,0.63,,0.44
5/25/15 21:30,0.57,0,0.88,0.63,,0.44
5/25/15 22:00,0.29,0,0.87,0.63,,0.44
5/25/15 22:30,0.22,0,0.87,0.63,,0.45
5/25/15 23:00,0.2,0,0.88,0.63,,0.45
5/25/15 23:30,0.17,0,0.88,0.63,,0.45
5/26/15 0:00,-0.07,0,0.88,0.63,,0.45
5/26/15 0:30,-0.34,0,0.88,0.63,,0.44
5/26/15 1:00,-0.41,0,0.88,0.63,,0.44
5/26/15 1:30,-0.33,0,0.88,0.63,,0.44
5/26/15 2:00,-0.43,0,0.88,0.62,,0.44
5/26/15 2:30,-0.53,0,0.88,0.62,,0.44
5/26/15 3:00,-0.58,0,0.87,0.62,,0.44
5/26/15 3:30,-0.37,0,0.87,0.62,,0.44
5/26/15 4:00,-0.19,0,0.87,0.62,,0.44
5/26/15 4:30,0.11,0,0.87,0.62,,0.44
5/26/15 5:00,0.26,0,0.87,0.62,,0.44
5/26/15 5:30,0.24,0,0.88,0.62,,0.45
5/26/15 6:00,0.58,0,0.87,0.62,,0.45
5/26/15 6:30,0.91,0,0.87,0.62,,0.44
5/26/15 7:00,1.382,0,0.87,0.62,,0.44
5/26/15 7:30,2.66,0,0.86,0.62,,0.44
5/26/15 8:00,4.743,0,0.86,0.62,,0.45
5/26/15 8:30,7.124,0,0.83,0.63,,0.45
5/26/15 9:00,8.77,0,0.79,0.63,,0.47
5/26/15 9:30,10.08,0,0.77,0.63,,0.47
5/26/15 10:00,11.23,0,0.77,0.62,,0.46
5/26/15 10:30,12.87,0,0.77,0.62,,0.42
5/26/15 11:00,12.84,0,0.77,0.61,,0.42
5/26/15 11:30,11.08,-0.01,0.77,0.6,,0.42
5/26/15 12:00,10.89,-0.01,0.78,0.6,,0.43
5/26/15 12:30,11.4,-0.01,0.78,0.6,,0.43
5/26/15 13:00,11.44,-0.01,0.79,0.6,,0.44
5/26/15 13:30,14.82,-0.01,0.79,0.6,,0.44
5/26/15 14:00,15.77,-0.01,0.79,0.6,,0.44
5/26/15 14:30,16.36,-0.01,0.79,0.6,,0.45
5/26/15 15:00,16.86,-0.01,0.79,0.6,,0.45
5/26/15 15:30,15.02,-0.01,0.79,0.6,,0.44
5/26/15 16:00,11.7,-0.01,0.8,0.6,,0.45
5/26/15 16:30,10.04,-0.01,0.81,0.6,,0.45
5/26/15 17:00,8.48,-0.01,0.82,0.61,,0.42
5/26/15 17:30,6.968,-0.01,0.83,0.61,,0.43
5/26/15 18:00,5.814,-0.01,0.84,0.62,,0.43
5/26/15 18:30,4.569,-0.01,0.85,0.62,,0.45
5/26/15 19:00,3.668,-0.01,0.86,0.62,,0.45
5/26/15 19:30,2.956,-0.01,0.87,0.62,,0.45
5/26/15 20:00,2.433,-0.01,0.87,0.62,,0.45
5/26/15 20:30,2.169,-0.01,0.88,0.62,,0.45
5/26/15 21:00,1.952,-0.01,0.88,0.62,,0.45
5/26/15 21:30,1.968,-0.01,0.88,0.62,,0.45
5/26/15 22:00,1.991,-0.01,0.88,0.62,,0.45
5/26/15 22:30,2.03,-0.01,0.88,0.62,,0.45
5/26/15 23:00,1.971,-0.01,0.88,0.62,,0.45
5/26/15 23:30,2.072,-0.01,0.88,0.62,,0.45
5/27/15 0:00,1.909,-0.01,0.88,0.62,,0.45
5/27/15 0:30,1.786,-0.01,0.88,0.62,,0.45
5/27/15 1:00,1.84,-0.01,0.88,0.62,,0.45
5/27/15 1:30,1.896,-0.01,0.88,0.62,,0.45
5/27/15 2:00,1.877,-0.01,0.88,0.62,,0.45
5/27/15 2:30,1.898,0,0.88,0.62,,0.44
5/27/15 3:00,2.041,0,0.88,0.62,,0.44
5/27/15 3:30,1.831,0,0.88,0.62,,0.45
5/27/15 4:00,1.8,0,0.87,0.62,,0.44
5/27/15 4:30,1.709,0,0.87,0.62,,0.43
5/27/15 5:00,1.586,0,0.87,0.62,,0.43
5/27/15 5:30,1.603,0,0.87,0.61,,0.44
5/27/15 6:00,1.818,0,0.87,0.61,,0.43
5/27/15 6:30,2.191,0,0.86,0.61,,0.41
5/27/15 7:00,2.025,0,0.86,0.61,,0.43
5/27/15 7:30,2.163,0,0.86,0.61,,0.43
5/27/15 8:00,2.68,0,0.86,0.61,,0.44
5/27/15 8:30,3.692,0,0.85,0.61,,0.44
5/27/15 9:00,5.021,0,0.86,0.61,,0.44
5/27/15 9:30,6.81,0,0.86,0.62,,0.47
5/27/15 10:00,8.57,0,0.85,0.62,,0.46
5/27/15 10:30,11.12,0,0.82,0.62,,0.45
5/27/15 11:00,11.78,0,0.79,0.62,,0.44
5/27/15 11:30,10.47,0,0.77,0.62,,0.42
5/27/15 12:00,10.34,0,0.76,0.61,,0.42
5/27/15 12:30,12.83,0,0.76,0.6,,0.42
5/27/15 13:00,15.59,0,0.77,0.59,,0.43
5/27/15 13:30,15,0,0.77,0.59,,0.42
5/27/15 14:00,16.34,0,0.77,0.59,,0.43
5/27/15 14:30,17.78,0,0.77,0.59,,0.43
5/27/15 15:00,17.78,-0.01,0.77,0.59,,0.42
5/27/15 15:30,17.37,-0.01,0.78,0.59,,0.42
5/27/15 16:00,14.77,-0.01,0.78,0.59,,0.44
5/27/15 16:30,11.86,-0.01,0.79,0.59,,0.45
5/27/15 17:00,10.22,-0.01,0.79,0.59,,0.44
5/27/15 17:30,8.82,-0.01,0.8,0.6,,0.43
5/27/15 18:00,6.807,-0.01,0.81,0.6,,0.43
5/27/15 18:30,5.651,-0.01,0.83,0.61,,0.44
5/27/15 19:00,5.04,-0.01,0.84,0.61,,0.44
5/27/15 19:30,4.584,-0.01,0.85,0.61,,0.43
5/27/15 20:00,4.129,-0.01,0.85,0.61,,0.44
5/27/15 20:30,3.746,-0.01,0.86,0.62,,0.44
5/27/15 21:00,3.424,-0.01,0.86,0.62,,0.43
5/27/15 21:30,3.234,0,0.86,0.62,,0.44
5/27/15 22:00,2.927,0,0.86,0.62,,0.44
5/27/15 22:30,2.709,0,0.86,0.62,,0.44
5/27/15 23:00,2.68,0,0.86,0.62,,0.43
5/27/15 23:30,2.587,0,0.86,0.62,,0.43
5/28/15 0:00,2.371,0,0.86,0.62,,0.45
5/28/15 0:30,2.358,0,0.86,0.62,,0.44
5/28/15 1:00,2.283,0,0.86,0.62,,0.45
5/28/15 1:30,2.3,0,0.86,0.62,,0.45
5/28/15 2:00,2.287,0,0.87,0.62,,0.45
5/28/15 2:30,2.159,0,0.87,0.62,,0.45
5/28/15 3:00,1.94,0,0.87,0.62,,0.45
5/28/15 3:30,1.857,0,0.87,0.62,,0.45
5/28/15 4:00,1.887,0,0.87,0.62,,0.45
5/28/15 4:30,1.881,0,0.87,0.62,,0.45
5/28/15 5:00,1.941,0,0.87,0.62,,0.45
5/28/15 5:30,1.942,0,0.87,0.61,,0.45
5/28/15 6:00,1.963,0,0.87,0.61,,0.45
5/28/15 6:30,2.183,0,0.86,0.61,,0.44
5/28/15 7:00,2.228,0,0.86,0.61,,0.45
5/28/15 7:30,2.387,0,0.86,0.61,,0.44
5/28/15 8:00,2.582,0,0.86,0.61,,0.44
5/28/15 8:30,3.095,0,0.86,0.61,,0.44
5/28/15 9:00,3.559,0,0.86,0.61,,0.44
5/28/15 9:30,3.752,0,0.86,0.61,,0.43
5/28/15 10:00,3.36,0,0.86,0.61,,0.44
5/28/15 10:30,3.527,0,0.86,0.61,,0.44
5/28/15 11:00,5.502,0,0.85,0.61,,0.44
5/28/15 11:30,5.843,0,0.85,0.61,,0.43
5/28/15 12:00,6.534,0,0.84,0.62,,0.44
5/28/15 12:30,8.03,0,0.83,0.62,,0.43
5/28/15 13:00,12.41,0,0.81,0.62,,0.45
5/28/15 13:30,14.16,0,0.78,0.61,,0.44
5/28/15 14:00,17.77,0,0.75,0.6,,0.44
5/28/15 14:30,18.94,0,0.75,0.6,,0.44
5/28/15 15:00,16.62,0,0.75,0.59,,0.43
5/28/15 15:30,12.35,0,0.77,0.59,,0.42
5/28/15 16:00,11.15,0,0.78,0.6,,0.43
5/28/15 16:30,8.6,0,0.8,0.6,,0.45
5/28/15 17:00,7.158,0,0.8,0.59,,0.44
5/28/15 17:30,6.378,0,0.8,0.59,,0.44
5/28/15 18:00,5.608,0,0.8,0.6,,0.44
5/28/15 18:30,4.802,0,0.8,0.6,,0.43
5/28/15 19:00,4.165,0,0.81,0.6,,0.43
5/28/15 19:30,3.492,0,0.82,0.61,,0.21
5/28/15 20:00,2.704,0,0.83,0.61,,0.21
5/28/15 20:30,2.195,0,0.84,0.61,,0.21
5/28/15 21:00,1.895,0,0.84,0.61,,0.22
5/28/15 21:30,1.754,0,0.84,0.61,,0.22
5/28/15 22:00,1.711,0,0.85,0.61,,0.22
5/28/15 22:30,1.665,0,0.85,0.61,,0.22
5/28/15 23:00,1.537,0,0.86,0.61,,0.22
5/28/15 23:30,1.247,0,0.86,0.61,,0.22
5/29/15 0:00,0.98,0,0.86,0.61,,0.22
5/29/15 0:30,0.54,0,0.86,0.61,,0.22
5/29/15 1:00,0.37,0,0.86,0.61,,0.45
5/29/15 1:30,0.31,0,0.86,0.61,,0.45
5/29/15 2:00,0.4,0,0.86,0.61,,0.45
5/29/15 2:30,0.42,0,0.86,0.61,,0.45
5/29/15 3:00,0.27,0,0.86,0.61,,0.45
5/29/15 3:30,0.33,0,0.86,0.61,,0.44
5/29/15 4:00,0.37,0,0.86,0.61,,0.45
5/29/15 4:30,0.31,0,0.86,0.61,,0.45
5/29/15 5:00,0.01,0,0.86,0.61,,0.45
5/29/15 5:30,-0.1,0,0.86,0.6,,0.44
5/29/15 6:00,-0.08,0,0.86,0.6,,0.44
5/29/15 6:30,-0.03,0,0.85,0.6,,0.45
5/29/15 7:00,0.53,0,0.85,0.6,,0.45
5/29/15 7:30,1.703,0,0.86,0.6,,0.45
5/29/15 8:00,2.307,0,0.85,0.6,,0.45
5/29/15 8:30,4.111,0,0.84,0.61,,0.46
5/29/15 9:00,5.556,0,0.82,0.61,,0.47
5/29/15 9:30,7.631,0,0.79,0.61,,0.48
5/29/15 10:00,8.88,0,0.77,0.61,,0.47
5/29/15 10:30,9.01,0,0.76,0.61,,0.45
5/29/15 11:00,10.05,0,0.75,0.6,,0.45
5/29/15 11:30,10.1,0,0.75,0.6,,0.44
5/29/15 12:00,9,0,0.76,0.6,,0.44
5/29/15 12:30,9.18,0,0.77,0.6,,0.44
5/29/15 13:00,13.49,0,0.76,0.59,,0.45
5/29/15 13:30,14.11,0,0.76,0.59,,0.44
5/29/15 14:00,14.09,0,0.76,0.59,,0.44
5/29/15 14:30,15.43,0,0.76,0.59,,0.44
5/29/15 15:00,15.72,0,0.76,0.59,,0.44
5/29/15 15:30,14.62,0,0.76,0.59,,0.45
5/29/15 16:00,12.35,0,0.77,0.59,,0.44
5/29/15 16:30,9.51,0,0.77,0.59,,0.45
5/29/15 17:00,8.23,0,0.78,0.59,,0.45
5/29/15 17:30,6.589,0,0.79,0.59,,0.44
5/29/15 18:00,5.089,0,0.8,0.59,,0.44
5/29/15 18:30,4.346,0,0.81,0.59,,0.45
5/29/15 19:00,3.786,0,0.82,0.6,,0.45
5/29/15 19:30,3.019,0,0.83,0.6,,0.45
5/29/15 20:00,2.237,0,0.83,0.6,,0.46
5/29/15 20:30,1.57,0,0.84,0.6,,0.46
5/29/15 21:00,1.049,0,0.84,0.6,,0.46
5/29/15 21:30,0.61,0,0.85,0.8,,0.46
5/29/15 22:00,0.14,0,0.85,0.8,,0.46
5/29/15 22:30,-0.23,0,0.86,0.8,,0.46
5/29/15 23:00,-0.31,0,0.86,0.6,,0.45
5/29/15 23:30,-0.56,0,0.86,0.6,,0.46
5/30/15 0:00,-0.41,0,0.86,0.6,,0.45
5/30/15 0:30,-0.57,0,0.86,0.6,,0.46
5/30/15 1:00,-0.53,0,0.85,0.6,,0.45
5/30/15 1:30,-0.73,0,0.85,0.6,,0.45
5/30/15 2:00,-0.98,0,0.85,0.6,,0.45
5/30/15 2:30,-1.109,0,0.84,0.6,,0.45
5/30/15 3:00,-1.064,0,0.85,0.6,,0.45
5/30/15 3:30,-1.239,0,0.85,1,,0.45
5/30/15 4:00,-1.371,0,0.84,1.1,,0.45
5/30/15 4:30,-1.409,0,0.84,0.6,,0.45
5/30/15 5:00,-1.509,0,0.84,0.6,,0.44
5/30/15 5:30,-1.609,0,0.84,0.6,,0.44
5/30/15 6:00,-1.677,0,0.84,0.59,,0.45
5/30/15 6:30,-1.181,0,0.85,0.59,,0.46
5/30/15 7:00,-0.02,0,0.84,0.6,,0.46
5/30/15 7:30,2.237,0,0.82,0.6,,0.47
5/30/15 8:00,5.278,0,0.79,0.6,,0.47
5/30/15 8:30,8.34,0,0.75,0.6,,0.46
5/30/15 9:00,10.19,0,0.73,0.6,,0.48
5/30/15 9:30,11.47,0,0.73,0.6,,0.46
5/30/15 10:00,12.36,0,0.73,0.59,,0.47
5/30/15 10:30,14.24,0,0.73,0.58,,0.44
5/30/15 11:00,14.85,0,0.73,0.57,,0.43
5/30/15 11:30,12.84,0,0.74,0.57,,0.43
5/30/15 12:00,11.89,0,0.74,0.56,,0.42
5/30/15 12:30,13.94,0,0.74,0.56,,0.44
5/30/15 13:00,17.05,-0.01,0.74,0.56,,0.43
5/30/15 13:30,18.82,-0.01,0.74,0.56,,0.42
5/30/15 14:00,21.18,-0.01,0.74,0.56,,0.44
5/30/15 14:30,21.89,-0.01,0.75,0.56,,0.43
5/30/15 15:00,21.61,-0.01,0.75,0.57,,0.43
5/30/15 15:30,22.06,-0.01,0.75,0.57,,0.43
5/30/15 16:00,20.41,-0.01,0.75,0.57,,0.44
5/30/15 16:30,15.52,-0.01,0.76,0.57,,0.45
5/30/15 17:00,12.58,-0.01,0.76,0.57,,0.44
5/30/15 17:30,10.68,-0.01,0.77,0.57,,0.44
5/30/15 18:00,9.54,-0.01,0.78,0.58,,0.44
5/30/15 18:30,8.54,-0.01,0.78,0.58,,0.44
5/30/15 19:00,7.7,-0.01,0.8,0.58,,0.45
5/30/15 19:30,7.015,-0.01,0.81,0.59,,0.45
5/30/15 20:00,6.438,-0.01,0.81,0.59,,0.45
5/30/15 20:30,5.997,-0.01,0.82,0.6,,0.45
5/30/15 21:00,5.831,-0.01,0.83,0.6,,0.45
5/30/15 21:30,5.579,-0.01,0.83,0.6,,0.46
5/30/15 22:00,5.261,-0.01,0.84,0.6,,0.46
5/30/15 22:30,5.278,-0.01,0.84,0.6,,0.46
5/30/15 23:00,5.17,-0.01,0.84,0.6,,0.45
5/30/15 23:30,5.117,-0.01,0.84,0.6,,0.45
5/31/15 0:00,5.394,-0.01,0.84,0.6,,0.46
5/31/15 0:30,5.603,-0.01,0.84,0.6,,0.45
5/31/15 1:00,5.257,-0.01,0.84,0.6,,0.44
5/31/15 1:30,4.762,-0.01,0.84,0.6,,0.44
5/31/15 2:00,4.215,-0.01,0.84,0.6,,0.45
5/31/15 2:30,4.026,-0.01,0.83,0.6,,0.44
5/31/15 3:00,4.433,0,0.83,0.6,,0.45
5/31/15 3:30,4.454,0,0.83,0.6,,0.45
5/31/15 4:00,4.69,0,0.83,0.6,,0.45
5/31/15 4:30,5.121,0,0.83,0.6,,0.45
5/31/15 5:00,5.283,0,0.83,0.6,,0.45
5/31/15 5:30,5.344,0,0.83,0.6,,0.45
5/31/15 6:00,5.175,0,0.83,0.6,,0.46
5/31/15 6:30,5.236,0,0.83,0.6,,0.45
5/31/15 7:00,5.714,0,0.81,0.6,,0.45
5/31/15 7:30,6.462,0,0.8,0.6,,0.46
5/31/15 8:00,8.31,0,0.77,0.6,,0.45
5/31/15 8:30,11.08,0,0.74,0.59,,0.44
5/31/15 9:00,12.74,0,0.73,0.58,,0.46
5/31/15 9:30,14.01,0,0.72,0.58,,0.46
5/31/15 10:00,15.13,0,0.72,0.57,,0.46
5/31/15 10:30,17.19,0,0.72,0.56,,0.43
5/31/15 11:00,17.94,0,0.72,0.55,,0.43
5/31/15 11:30,16.6,0,0.72,0.55,,0.43
5/31/15 12:00,15.69,0,0.73,0.55,,0.43
5/31/15 12:30,17.27,-0.01,0.73,0.55,,0.43
5/31/15 13:00,19.42,-0.01,0.73,0.55,,0.44
5/31/15 13:30,20,-0.01,0.74,0.56,,0.43
5/31/15 14:00,19.64,-0.01,0.74,0.56,,0.43
5/31/15 14:30,19.78,-0.01,0.74,0.56,,0.44
5/31/15 15:00,21.03,-0.01,0.74,0.56,,0.44
5/31/15 15:30,19.67,-0.01,0.75,0.56,,0.44
5/31/15 16:00,19.07,-0.01,0.75,0.56,,0.44
5/31/15 16:30,16.39,-0.01,0.76,0.56,,0.45
5/31/15 17:00,14,-0.01,0.77,0.57,,0.44
5/31/15 17:30,11.67,-0.01,0.78,0.57,,0.44
5/31/15 18:00,10.23,-0.01,0.79,0.58,,0.44
5/31/15 18:30,8.3,-0.01,0.8,0.58,,0.45
5/31/15 19:00,7.708,-0.01,0.81,0.58,,0.46
5/31/15 19:30,7.623,-0.01,0.82,0.58,,0.46
5/31/15 20:00,7.396,0,0.82,0.59,,0.46
5/31/15 20:30,6.875,0,0.82,0.59,,0.47
5/31/15 21:00,6.361,0,0.82,0.59,,0.47
5/31/15 21:30,5.995,0,0.83,0.59,,0.47
5/31/15 22:00,5.439,0,0.83,0.6,,0.47
5/31/15 22:30,4.707,0,0.84,0.6,,0.47
5/31/15 23:00,4.057,0.01,0.83,0.6,,0.46
5/31/15 23:30,4.064,0.01,0.84,0.6,,0.46
6/1/15 0:00,3.718,0.01,0.84,0.6,,0.46
6/1/15 0:30,3.864,0.01,0.84,0.6,,0.46
6/1/15 1:00,4.173,0.01,0.83,0.6,,0.46
6/1/15 1:30,4.213,0.01,0.83,0.6,,0.46
6/1/15 2:00,3.894,0.01,0.83,0.6,,0.46
6/1/15 2:30,3.634,0.01,0.83,0.6,,0.46
6/1/15 3:00,3.753,0.01,0.83,0.6,,0.45
6/1/15 3:30,3.862,0.01,0.82,0.6,,0.45
6/1/15 4:00,3.796,0.01,0.82,0.6,,0.46
6/1/15 4:30,3.855,0.01,0.82,0.6,,0.46
6/1/15 5:00,3.923,0.01,0.82,0.6,,0.46
6/1/15 5:30,3.927,0.01,0.83,0.6,,0.46
6/1/15 6:00,4.16,0.01,0.83,0.6,,0.46
6/1/15 6:30,4.697,0.01,0.83,0.6,,0.46
6/1/15 7:00,4.924,0.01,0.81,0.59,,0.47
6/1/15 7:30,6.597,0.01,0.78,0.59,,0.46
6/1/15 8:00,9.05,0.01,0.75,0.58,,0.46
6/1/15 8:30,10.76,0.01,0.72,0.56,,0.45
6/1/15 9:00,13.41,0.01,0.71,0.55,,0.46
6/1/15 9:30,14.87,0.01,0.71,0.54,,0.44
6/1/15 10:00,16.54,0.01,0.71,0.54,,0.46
6/1/15 10:30,18.61,0,0.71,0.53,,0.44
6/1/15 11:00,19.13,0,0.71,0.54,,0.43
6/1/15 11:30,16.69,0,0.72,0.54,,0.44
6/1/15 12:00,16.3,0,0.72,0.54,,0.43
6/1/15 12:30,18.51,-0.01,0.73,0.54,,0.42
6/1/15 13:00,19.33,-0.01,0.73,0.54,,0.44
6/1/15 13:30,19.52,-0.01,0.73,0.55,,0.43
6/1/15 14:00,18.62,-0.01,0.74,0.55,,0.44
6/1/15 14:30,21.38,-0.01,0.74,0.55,,0.45
6/1/15 15:00,19.76,-0.01,0.74,0.55,,0.44
6/1/15 15:30,16.93,-0.01,0.74,0.55,,0.42
6/1/15 16:00,13.16,-0.01,0.76,0.56,,0.44
6/1/15 16:30,11.12,-0.01,0.78,0.57,,0.45
6/1/15 17:00,10.96,-0.01,0.78,0.57,,0.46
6/1/15 17:30,11.29,-0.01,0.78,0.56,,0.43
6/1/15 18:00,11.37,-0.01,0.77,0.56,,0.42
6/1/15 18:30,11.38,-0.01,0.77,0.56,,0.45
6/1/15 19:00,10.62,-0.01,0.77,0.57,,0.45
6/1/15 19:30,9.87,-0.01,0.78,0.57,,0.46
6/1/15 20:00,9.23,0,0.79,0.57,,0.46
6/1/15 20:30,8.17,0,0.8,0.58,,0.46
6/1/15 21:00,7.855,0,0.81,0.58,,0.45
6/1/15 21:30,6.828,0,0.81,0.58,,0.45
6/1/15 22:00,5.948,0,0.82,0.59,,0.46
6/1/15 22:30,5.58,0,0.82,0.59,,0.46
6/1/15 23:00,5.227,0,0.82,0.59,,0.46
6/1/15 23:30,5.095,0,0.82,0.59,,0.45
6/2/15 0:00,4.665,0,0.82,0.59,,0.45
6/2/15 0:30,4.387,0.01,0.81,0.59,,0.45
6/2/15 1:00,3.962,0.01,0.81,0.59,,0.45
6/2/15 1:30,4.205,0.01,0.81,0.59,,0.45
6/2/15 2:00,4.347,0.01,0.82,0.59,,0.45
6/2/15 2:30,4.193,0.01,0.82,0.59,,0.45
6/2/15 3:00,3.823,0.01,0.81,0.59,,0.46
6/2/15 3:30,3.715,0.01,0.81,0.59,,0.46
6/2/15 4:00,3.631,0.01,0.81,0.59,,0.45
6/2/15 4:30,3.377,0.01,0.81,0.59,,0.45
6/2/15 5:00,3.048,0.01,0.8,0.59,,0.45
6/2/15 5:30,2.9,0.01,0.81,0.59,,0.45
6/2/15 6:00,2.896,0.01,0.8,0.59,,0.46
6/2/15 6:30,3.342,0.01,0.8,0.59,,0.46
6/2/15 7:00,4.346,0.01,0.79,0.59,,0.46
6/2/15 7:30,6.601,0.01,0.75,0.58,,0.46
6/2/15 8:00,9.54,0.01,0.72,0.57,,0.45
6/2/15 8:30,12.36,0.01,0.7,0.56,,0.43
6/2/15 9:00,14.14,0.01,0.7,0.55,,0.45
6/2/15 9:30,15.18,0.01,0.7,0.54,,0.45
6/2/15 10:00,16.25,0.01,0.7,0.53,,0.46
6/2/15 10:30,17.87,0.01,0.7,0.53,,0.43
6/2/15 11:00,18.97,0,0.71,0.53,,0.43
6/2/15 11:30,16.89,0,0.71,0.53,,0.42
6/2/15 12:00,16.2,0,0.71,0.53,,0.42
6/2/15 12:30,18.52,0,0.71,0.53,,0.41
6/2/15 13:00,21.71,-0.01,0.71,0.54,,0.41
6/2/15 13:30,23.4,-0.01,0.72,0.54,,0.41
6/2/15 14:00,24.63,-0.01,0.72,0.54,,0.42
6/2/15 14:30,23.78,-0.01,0.73,0.54,,0.42
6/2/15 15:00,23.54,-0.01,0.73,0.54,,0.42
6/2/15 15:30,23.97,-0.01,0.72,0.54,,0.42
6/2/15 16:00,22.81,-0.01,0.73,0.54,,0.42
6/2/15 16:30,18.29,-0.01,0.73,0.55,,0.43
6/2/15 17:00,15.48,-0.01,0.74,0.54,,0.43
6/2/15 17:30,13.79,-0.01,0.74,0.54,,0.43
6/2/15 18:00,12.6,-0.01,0.75,0.55,,0.44
6/2/15 18:30,11.66,-0.01,0.76,0.55,,0.44
6/2/15 19:00,10.74,-0.01,0.77,0.56,,0.44
6/2/15 19:30,9.85,-0.01,0.78,0.57,,0.45
6/2/15 20:00,9.1,-0.01,0.78,0.57,,0.45
6/2/15 20:30,8.32,0,0.79,0.58,,0.45
6/2/15 21:00,7.872,0,0.8,0.58,,0.45
6/2/15 21:30,7.22,0,0.8,0.58,,0.45
6/2/15 22:00,6.486,0,0.81,0.58,,0.46
6/2/15 22:30,5.979,0,0.81,0.58,,0.46
6/2/15 23:00,5.464,0,0.81,0.59,,0.46
6/2/15 23:30,5.102,0,0.81,0.59,,0.46
6/3/15 0:00,4.965,0,0.82,0.59,,0.46
6/3/15 0:30,4.899,0,0.82,0.59,,0.45
6/3/15 1:00,4.669,0,0.82,0.59,,0.45
6/3/15 1:30,4.323,0,0.82,0.59,,0.45
6/3/15 2:00,4.106,0,0.82,0.59,,0.45
6/3/15 2:30,3.856,0,0.83,0.59,,0.45
6/3/15 3:00,3.791,0,0.82,0.59,,0.45
6/3/15 3:30,3.631,0,0.82,0.59,,0.45
6/3/15 4:00,2.974,0.01,0.82,0.59,,0.45
6/3/15 4:30,2.94,0.01,0.81,0.59,,0.45
6/3/15 5:00,2.91,0.01,0.81,0.59,,0.46
6/3/15 5:30,2.936,0.01,0.81,0.59,,0.46
6/3/15 6:00,3.383,0.01,0.8,0.59,,0.46
6/3/15 6:30,3.646,0.01,0.79,0.59,,0.46
6/3/15 7:00,4.743,0.01,0.76,0.58,,0.46
6/3/15 7:30,6.9,0.01,0.73,0.57,,0.46
6/3/15 8:00,9.49,0.01,0.71,0.56,,0.45
6/3/15 8:30,12.08,0.01,0.7,0.55,,0.45
6/3/15 9:00,13.91,0.01,0.7,0.54,,0.46
6/3/15 9:30,15.19,0.01,0.69,0.54,,0.46
6/3/15 10:00,16,0.01,0.7,0.53,,0.47
6/3/15 10:30,17.82,0.01,0.7,0.52,,0.44
6/3/15 11:00,18.24,0.01,0.69,0.52,,0.43
6/3/15 11:30,16.97,0,0.7,0.52,,0.42
6/3/15 12:00,14.73,0,0.71,0.53,,0.43
6/3/15 12:30,14.94,0,0.71,0.53,,0.43
6/3/15 13:00,16.21,0,0.71,0.53,,0.43
6/3/15 13:30,18.67,0,0.71,0.53,,0.43
6/3/15 14:00,19.3,-0.01,0.71,0.53,,0.43
6/3/15 14:30,18.7,-0.01,0.72,0.54,,0.43
6/3/15 15:00,18.44,-0.01,0.72,0.54,,0.43
6/3/15 15:30,18.73,-0.01,0.72,0.54,,0.43
6/3/15 16:00,18.95,-0.01,0.72,0.54,,0.43
6/3/15 16:30,16.71,-0.01,0.73,0.54,,0.42
6/3/15 17:00,14.24,-0.01,0.74,0.54,,0.43
6/3/15 17:30,12.76,-0.01,0.75,0.55,,0.43
6/3/15 18:00,11.4,-0.01,0.76,0.55,,0.44
6/3/15 18:30,10.5,-0.01,0.77,0.56,,0.44
6/3/15 19:00,10.02,-0.01,0.77,0.56,,0.44
6/3/15 19:30,9.56,-0.01,0.78,0.56,,0.44
6/3/15 20:00,8.9,-0.01,0.78,0.57,,0.44
6/3/15 20:30,8.12,-0.01,0.79,0.57,,0.44
6/3/15 21:00,7.253,-0.01,0.79,0.57,,0.45
6/3/15 21:30,6.63,-0.01,0.79,0.57,,0.45
6/3/15 22:00,6.166,0,0.8,0.57,,0.45
6/3/15 22:30,5.656,0,0.8,0.57,,0.45
6/3/15 23:00,4.921,0,0.8,0.57,,0.45
6/3/15 23:30,4.427,0,0.8,0.57,,0.45
6/4/15 0:00,4.072,0,0.81,0.57,,0.45
6/4/15 0:30,4.139,0,0.8,0.57,,0.45
6/4/15 1:00,4.407,0,0.8,0.57,,0.45
6/4/15 1:30,4.714,0,0.8,0.58,,0.45
6/4/15 2:00,5.067,0,0.8,0.58,,0.45
6/4/15 2:30,5.008,0,0.8,0.58,,0.45
6/4/15 3:00,4.158,0.01,0.79,0.58,,0.45
6/4/15 3:30,3.346,0.01,0.79,0.58,,0.45
6/4/15 4:00,2.684,0.01,0.79,0.58,,0.45
6/4/15 4:30,2.242,0.01,0.79,0.58,,0.45
6/4/15 5:00,1.862,0.01,0.79,0.58,,0.45
6/4/15 5:30,1.546,0.01,0.79,0.58,,0.45
6/4/15 6:00,1.611,0.01,0.79,0.58,1.112,0.45
6/4/15 6:30,2.093,0.01,0.79,0.58,1.11,0.46
6/4/15 7:00,3.251,0.01,0.76,0.58,1.099,0.46
6/4/15 7:30,5.611,0.01,0.72,0.57,1.085,0.46
6/4/15 8:00,8.64,0.01,0.7,0.56,1.073,0.44
6/4/15 8:30,11.33,0.01,0.69,0.55,1.061,0.42
6/4/15 9:00,13.19,0.01,0.68,0.53,1.057,0.45
6/4/15 9:30,14.98,0.01,0.68,0.52,1.054,0.46
6/4/15 10:00,16.3,0.01,0.68,0.51,1.05,0.46
6/4/15 10:30,18.44,0.01,0.68,0.51,1.046,0.42
6/4/15 11:00,19.43,0,0.68,0.51,1.044,0.42
6/4/15 11:30,17.75,0,0.69,0.51,1.046,0.42
6/4/15 12:00,17.08,0,0.69,0.52,1.048,0.42
6/4/15 12:30,18,-0.01,0.7,0.52,1.052,0.42
6/4/15 13:00,21.36,-0.01,0.7,0.52,1.051,0.41
6/4/15 13:30,23.7,-0.01,0.7,0.52,1.054,0.41
6/4/15 14:00,24.65,-0.01,0.7,0.52,1.055,0.42
6/4/15 14:30,22.43,-0.01,0.7,0.52,1.058,0.42
6/4/15 15:00,22.42,-0.01,0.7,0.53,1.058,0.43
6/4/15 15:30,24,-0.01,0.7,0.53,1.058,0.42
6/4/15 16:00,22.83,-0.01,0.7,0.53,1.06,0.41
6/4/15 16:30,19.29,-0.01,0.71,0.53,1.064,0.42
6/4/15 17:00,16.87,-0.01,0.72,0.53,1.066,0.42
6/4/15 17:30,15.1,-0.01,0.72,0.53,1.066,0.41
6/4/15 18:00,14.09,-0.01,0.73,0.53,1.067,0.42
6/4/15 18:30,13.08,-0.01,0.74,0.54,1.071,0.43
6/4/15 19:00,12.28,-0.01,0.75,0.55,1.074,0.42
6/4/15 19:30,11.61,-0.01,0.76,0.55,1.073,0.42
6/4/15 20:00,11.18,-0.01,0.77,0.56,1.075,0.42
6/4/15 20:30,10.92,-0.01,0.77,0.56,1.075,0.43
6/4/15 21:00,10.44,-0.01,0.78,0.56,1.076,0.42
6/4/15 21:30,9.75,-0.01,0.79,0.57,1.083,0.42
6/4/15 22:00,8.82,-0.01,0.79,0.57,1.085,0.42
6/4/15 22:30,8.43,-0.01,0.79,0.57,1.084,0.42
6/4/15 23:00,8.03,-0.01,0.79,0.57,1.088,0.42
6/4/15 23:30,7.713,-0.01,0.8,0.57,1.09,0.42
6/5/15 0:00,7.649,0,0.8,0.57,1.09,0.42
6/5/15 0:30,7.506,0,0.8,0.57,1.091,0.42
6/5/15 1:00,7.471,0,0.8,0.57,1.093,0.42
6/5/15 1:30,7.339,0,0.8,0.57,1.098,0.43
6/5/15 2:00,6.686,0,0.8,0.57,1.1,0.43
6/5/15 2:30,6.169,0,0.8,0.57,1.101,0.43
6/5/15 3:00,5.491,0,0.79,0.57,1.105,0.43
6/5/15 3:30,5.025,0,0.79,0.57,1.107,0.43
6/5/15 4:00,4.726,0,0.79,0.57,1.106,0.43
6/5/15 4:30,4.478,0.01,0.79,0.57,1.106,0.44
6/5/15 5:00,4.386,0.01,0.79,0.57,1.104,0.44
6/5/15 5:30,4.554,0.01,0.79,0.57,1.103,0.44
6/5/15 6:00,4.693,0.01,0.8,0.57,1.105,0.44
6/5/15 6:30,4.718,0.01,0.8,0.57,1.101,0.45
6/5/15 7:00,5.413,0.01,0.78,0.57,1.088,0.45
6/5/15 7:30,7.356,0.01,0.74,0.57,1.073,0.45
6/5/15 8:00,10.09,0.01,0.71,0.56,1.06,0.44
6/5/15 8:30,12.54,0.01,0.69,0.56,1.05,0.44
6/5/15 9:00,13.46,0.01,0.69,0.55,1.048,0.44
6/5/15 9:30,13.45,0.01,0.7,0.54,1.048,0.43
6/5/15 10:00,13.45,0.01,0.69,0.54,1.04,0.45
6/5/15 10:30,15.67,0.01,0.68,0.52,1.037,0.43
6/5/15 11:00,16.95,0.01,0.68,0.52,1.038,0.41
6/5/15 11:30,16.12,0.01,0.69,0.52,1.039,0.41
6/5/15 12:00,14.33,0.01,0.7,0.52,1.041,0.41
6/5/15 12:30,15.06,0.01,0.69,0.51,1.039,0.41
6/5/15 13:00,17.42,0,0.69,0.51,1.041,0.41
6/5/15 13:30,16.96,0,0.69,0.52,1.035,0.41
6/5/15 14:00,14.22,0,0.71,0.52,1.044,0.41
6/5/15 14:30,12.58,0,0.73,0.53,1.05,0.42
6/5/15 15:00,12.77,0,0.73,0.53,1.05,0.43
6/5/15 15:30,15.76,0,0.71,0.53,1.048,0.41
6/5/15 16:00,16.41,0,0.7,0.52,1.048,0.41
6/5/15 16:30,15.38,0,0.69,0.52,1.046,0.41
6/5/15 17:00,14.24,-0.01,0.7,0.52,1.046,0.41
6/5/15 17:30,13.42,-0.01,0.71,0.52,1.046,0.42
6/5/15 18:00,12.82,0,0.72,0.53,1.046,0.42
6/5/15 18:30,11.98,0,0.73,0.53,1.052,0.42
6/5/15 19:00,11.01,0,0.74,0.54,1.056,0.42
6/5/15 19:30,9.88,0,0.75,0.54,1.061,0.42
6/5/15 20:00,8.97,0,0.75,0.54,1.068,0.43
6/5/15 20:30,7.984,0,0.76,0.55,1.074,0.43
6/5/15 21:00,6.842,0,0.76,0.55,1.078,0.43
6/5/15 21:30,5.637,0,0.77,0.55,1.078,0.44
6/5/15 22:00,5.182,0,0.77,0.56,1.084,0.44
6/5/15 22:30,5.071,0,0.78,0.56,1.087,0.44
6/5/15 23:00,5.084,0,0.78,0.56,1.09,0.44
6/5/15 23:30,4.543,0,0.79,0.56,1.087,0.43
6/6/15 0:00,4.349,0,0.78,0.56,1.085,0.44
6/6/15 0:30,4.25,0,0.79,0.56,1.087,0.43
6/6/15 1:00,3.933,0,0.79,0.56,1.085,0.43
6/6/15 1:30,3.883,0,0.79,0.56,1.085,0.43
6/6/15 2:00,3.771,0,0.79,0.56,1.085,0.43
6/6/15 2:30,3.548,0,0.79,0.56,1.084,0.42
6/6/15 3:00,3.653,0,0.79,0.56,1.079,0.43
6/6/15 3:30,3.911,0.01,0.78,0.56,1.078,0.43
6/6/15 4:00,4.015,0.01,0.78,0.56,1.081,0.43
6/6/15 4:30,4.033,0.01,0.78,0.56,1.079,0.42
6/6/15 5:00,4.084,0.01,0.78,0.56,1.078,0.42
6/6/15 5:30,4.365,0.01,0.77,0.56,1.077,0.43
6/6/15 6:00,5.026,0.01,0.77,0.56,1.071,0.43
6/6/15 6:30,5.766,0.01,0.76,0.56,1.064,0.42
6/6/15 7:00,6.703,0.01,0.74,0.56,1.056,0.43
6/6/15 7:30,7.212,0.01,0.73,0.55,1.053,0.43
6/6/15 8:00,7.489,0.01,0.72,0.55,1.049,0.43
6/6/15 8:30,8.18,0.01,0.72,0.55,1.046,0.43
6/6/15 9:00,8.55,0.01,0.71,0.54,1.043,0.42
6/6/15 9:30,9.67,0.01,0.7,0.53,1.035,0.41
6/6/15 10:00,10.77,0.01,0.68,0.53,1.031,0.42
6/6/15 10:30,11.36,0.01,0.68,0.52,1.031,0.41
6/6/15 11:00,10.65,0.01,0.69,0.53,1.031,0.41
6/6/15 11:30,9.99,0.01,0.7,0.52,1.03,0.4
6/6/15 12:00,10.58,0.01,0.69,0.51,1.026,0.39
6/6/15 12:30,13.01,0.01,0.67,0.51,1.024,0.38
6/6/15 13:00,17.35,0.01,0.66,0.5,1.019,0.4
6/6/15 13:30,19.77,0,0.67,0.5,1.017,0.4
6/6/15 14:00,20.76,0,0.67,0.5,1.023,0.4
6/6/15 14:30,19.96,0,0.68,0.51,1.024,0.41
6/6/15 15:00,18.92,-0.01,0.68,0.51,1.023,0.41
6/6/15 15:30,17.46,-0.01,0.68,0.51,1.025,0.41
6/6/15 16:00,17.76,-0.01,0.68,0.51,1.025,0.4
6/6/15 16:30,16.27,-0.01,0.69,0.51,1.027,0.41
6/6/15 17:00,14.35,-0.01,0.7,0.52,1.03,0.4
6/6/15 17:30,12.29,-0.01,0.71,0.52,1.031,0.39
6/6/15 18:00,9.72,-0.01,0.73,0.53,1.038,0.4
6/6/15 18:30,8.23,-0.01,0.74,0.54,1.046,0.4
6/6/15 19:00,7.472,-0.01,0.75,0.54,1.052,0.41
6/6/15 19:30,7.004,-0.01,0.76,0.54,1.056,0.42
6/6/15 20:00,6.586,-0.01,0.76,0.55,1.061,0.42
6/6/15 20:30,5.939,-0.01,0.76,0.55,1.062,0.42
6/6/15 21:00,5.486,-0.01,0.77,0.55,1.064,0.43
6/6/15 21:30,5.399,-0.01,0.77,0.55,1.064,0.42
6/6/15 22:00,5.387,-0.01,0.78,0.55,1.064,0.42
6/6/15 22:30,5.38,-0.01,0.78,0.55,1.065,0.42
6/6/15 23:00,5.032,-0.01,0.78,0.55,1.064,0.42
6/6/15 23:30,4.737,0,0.78,0.55,1.064,0.43
6/7/15 0:00,4.021,0,0.78,0.55,1.065,0.43
6/7/15 0:30,3.466,0,0.78,0.55,1.066,0.43
6/7/15 1:00,3.369,0,0.78,0.55,1.067,0.43
6/7/15 1:30,3.101,0,0.78,0.55,1.067,0.42
6/7/15 2:00,2.752,0,0.78,0.55,1.065,0.42
6/7/15 2:30,2.628,0,0.78,0.55,1.064,0.42
6/7/15 3:00,2.638,0,0.78,0.55,1.064,0.43
6/7/15 3:30,2.503,0,0.77,0.55,1.063,0.43
6/7/15 4:00,2.342,0,0.78,0.55,1.064,0.43
6/7/15 4:30,1.976,0,0.77,0.55,1.068,0.43
6/7/15 5:00,1.554,0.01,0.78,0.55,1.07,0.44
6/7/15 5:30,1.068,0.01,0.78,0.55,1.07,0.44
6/7/15 6:00,1.105,0.01,0.78,0.55,1.07,0.43
6/7/15 6:30,1.664,0.01,0.77,0.55,1.065,0.43
6/7/15 7:00,2.6,0.01,0.75,0.55,1.054,0.43
6/7/15 7:30,4.458,0.01,0.72,0.55,1.046,0.42
6/7/15 8:00,6.85,0.01,0.69,0.55,1.034,0.42
6/7/15 8:30,9.46,0.01,0.67,0.54,1.021,0.41
6/7/15 9:00,10.6,0.01,0.66,0.53,1.014,0.41
6/7/15 9:30,10.84,0.01,0.66,0.52,1.011,0.41
6/7/15 10:00,10.85,0.01,0.66,0.51,1.007,0.42
6/7/15 10:30,12.67,0.01,0.66,0.5,1,0.41
6/7/15 11:00,14.31,0.01,0.65,0.5,1,0.4
6/7/15 11:30,14.2,0.01,0.65,0.5,1.001,0.4
6/7/15 12:00,13.94,0.01,0.66,0.49,1.004,0.4
6/7/15 12:30,14.47,0,0.66,0.49,1.004,0.4
6/7/15 13:00,16.57,0,0.66,0.49,1,0.39
6/7/15 13:30,19.16,-0.01,0.66,0.5,1,0.39
6/7/15 14:00,21.27,-0.01,0.66,0.5,1.003,0.39
6/7/15 14:30,22.86,-0.01,0.67,0.5,1.004,0.4
6/7/15 15:00,20.04,-0.01,0.68,0.51,1.01,0.4
6/7/15 15:30,15.21,-0.01,0.69,0.51,1.014,0.4
6/7/15 16:00,13.5,-0.01,0.7,0.51,1.016,0.41
6/7/15 16:30,13.32,-0.01,0.69,0.51,1.019,0.41
6/7/15 17:00,12.47,-0.01,0.68,0.51,1.017,0.41
6/7/15 17:30,11.76,-0.01,0.69,0.51,1.017,0.41
6/7/15 18:00,11.2,-0.01,0.69,0.51,1.019,0.41
6/7/15 18:30,10.73,-0.01,0.7,0.51,1.02,0.41
6/7/15 19:00,9.91,-0.01,0.71,0.52,1.024,0.41
6/7/15 19:30,8.96,-0.01,0.72,0.52,1.028,0.41
6/7/15 20:00,8.04,-0.01,0.73,0.53,1.033,0.41
6/7/15 20:30,7.089,-0.01,0.74,0.53,1.038,0.41
6/7/15 21:00,6.29,-0.01,0.75,0.54,1.042,0.42
6/7/15 21:30,5.276,0,0.75,0.54,1.047,0.42
6/7/15 22:00,4.699,0,0.76,0.54,1.053,0.42
6/7/15 22:30,4.326,0,0.76,0.54,1.055,0.43
6/7/15 23:00,4.044,0,0.76,0.54,1.057,0.43
6/7/15 23:30,3.784,0,0.76,0.54,1.058,0.43
6/8/15 0:00,3.291,0,0.76,0.54,1.06,0.43
6/8/15 0:30,3.083,0,0.76,0.54,1.063,0.42
6/8/15 1:00,2.695,0,0.76,0.54,1.063,0.42
6/8/15 1:30,2.398,0.01,0.76,0.55,1.064,0.43
6/8/15 2:00,2.332,0.01,0.76,0.55,1.064,0.43
6/8/15 2:30,2.455,0.01,0.76,0.55,1.066,0.42
6/8/15 3:00,2.387,0.01,0.76,0.55,1.067,0.42
6/8/15 3:30,2.041,0.01,0.76,0.55,1.067,0.42
6/8/15 4:00,1.506,0.01,0.76,0.55,1.063,0.42
6/8/15 4:30,1.549,0.01,0.77,0.55,1.063,0.42
6/8/15 5:00,1.407,0.01,0.77,0.55,1.06,0.42
6/8/15 5:30,1.822,0.01,0.76,0.55,1.061,0.42
6/8/15 6:00,2.058,0.01,0.76,0.55,1.059,0.42
6/8/15 6:30,2.697,0.01,0.75,0.55,1.054,0.42
6/8/15 7:00,3.843,0.01,0.72,0.54,1.042,0.43
6/8/15 7:30,5.672,0.01,0.67,0.74,1.022,0.42
6/8/15 8:00,8.52,0.01,0.65,0.72,1.007,0.42
6/8/15 8:30,11.51,0.01,0.64,0.51,1,0.41
6/8/15 9:00,13.42,0.01,0.64,0.5,0.99,0.42
6/8/15 9:30,14.73,0.01,0.64,0.49,0.99,0.43
6/8/15 10:00,16.04,0.01,0.64,0.48,0.99,0.44
6/8/15 10:30,18.1,0,0.64,0.48,0.98,0.4
6/8/15 11:00,18.95,0,0.64,0.48,0.98,0.39
6/8/15 11:30,17.98,0,0.65,0.48,0.98,0.39
6/8/15 12:00,16.79,-0.01,0.65,0.48,0.98,0.39
6/8/15 12:30,18.35,-0.01,0.65,0.48,0.99,0.39
6/8/15 13:00,21.94,-0.01,0.65,0.49,0.99,0.39
6/8/15 13:30,24.38,-0.01,0.66,0.49,0.99,0.39
6/8/15 14:00,26.21,-0.01,0.66,0.49,0.99,0.39
6/8/15 14:30,27.8,-0.01,0.66,0.5,1,0.39
6/8/15 15:00,28.33,-0.02,0.66,0.5,1,0.39
6/8/15 15:30,28.58,-0.01,0.66,0.5,1,0.39
6/8/15 16:00,26.31,-0.01,0.66,0.5,1,0.4
6/8/15 16:30,21.4,-0.01,0.67,0.5,1.001,0.4
6/8/15 17:00,18.02,-0.01,0.67,0.49,1.002,0.39
6/8/15 17:30,16.14,-0.01,0.68,0.5,1.003,0.39
6/8/15 18:00,14.89,-0.01,0.68,0.5,1.005,0.39
6/8/15 18:30,13.9,-0.01,0.69,0.51,1.008,0.39
6/8/15 19:00,13.01,-0.01,0.7,0.51,1.013,0.39
6/8/15 19:30,12.05,-0.01,0.71,0.52,1.017,0.4
6/8/15 20:00,11.26,-0.01,0.72,0.52,1.021,0.4
6/8/15 20:30,10.26,-0.01,0.73,0.53,1.026,0.41
6/8/15 21:00,9.2,-0.01,0.74,0.53,1.032,0.41
6/8/15 21:30,8.4,-0.01,0.74,0.54,1.037,0.42
6/8/15 22:00,8.08,0,0.74,0.54,1.042,0.42
6/8/15 22:30,7.822,0,0.75,0.54,1.047,0.42
6/8/15 23:00,7.359,0,0.75,0.54,1.047,0.42
6/8/15 23:30,6.982,0,0.75,0.54,1.047,0.42
6/9/15 0:00,7.047,0,0.75,0.54,1.049,0.42
6/9/15 0:30,6.656,0,0.75,0.54,1.049,0.42
6/9/15 1:00,6.382,0.01,0.75,0.54,1.053,0.42
6/9/15 1:30,5.84,0.01,0.75,0.55,1.054,0.42
6/9/15 2:00,5.284,0.01,0.75,0.55,1.052,0.42
6/9/15 2:30,5.031,0.01,0.75,0.55,1.054,0.42
6/9/15 3:00,4.956,0.01,0.76,0.55,1.051,0.42
6/9/15 3:30,4.883,0.01,0.76,0.55,1.049,0.43
6/9/15 4:00,4.983,0.01,0.75,0.55,1.045,0.43
6/9/15 4:30,5.337,0.01,0.75,0.55,1.041,0.42
6/9/15 5:00,5.542,0.01,0.75,0.55,1.037,0.42
6/9/15 5:30,5.528,0.01,0.74,0.55,1.033,0.42
6/9/15 6:00,5.709,0.01,0.74,0.55,1.029,0.42
6/9/15 6:30,6.148,0.01,0.71,0.54,1.021,0.42
6/9/15 7:00,7.101,0.01,0.68,0.53,1.008,0.42
6/9/15 7:30,8.95,0.01,0.65,0.52,1,0.41
6/9/15 8:00,11.6,0.01,0.64,0.51,0.99,0.4
6/9/15 8:30,14.36,0.01,0.64,0.5,0.98,0.4
6/9/15 9:00,15.95,0.01,0.63,0.49,0.98,0.41
6/9/15 9:30,17.27,0.01,0.64,0.48,0.98,0.42
6/9/15 10:00,18.73,0,0.64,0.48,0.98,0.44
6/9/15 10:30,20.84,0,0.63,0.48,0.97,0.39
6/9/15 11:00,22.51,0,0.63,0.48,0.97,0.38
6/9/15 11:30,21.45,0,0.64,0.48,0.97,0.39
6/9/15 12:00,20.35,-0.01,0.64,0.48,0.97,0.38
6/9/15 12:30,20.41,-0.01,0.65,0.48,0.98,0.39
6/9/15 13:00,20.03,-0.01,0.65,0.48,0.98,0.39
6/9/15 13:30,20.37,-0.01,0.65,0.49,0.98,0.39
6/9/15 14:00,21.6,-0.01,0.66,0.49,0.99,0.39
6/9/15 14:30,22.07,-0.01,0.66,0.49,0.99,0.39
6/9/15 15:00,24.25,-0.01,0.66,0.49,0.99,0.39
6/9/15 15:30,23.97,-0.01,0.66,0.49,0.99,0.39
6/9/15 16:00,20.74,-0.01,0.67,0.5,1,0.4
6/9/15 16:30,18.68,-0.01,0.67,0.5,0.99,0.4
6/9/15 17:00,17.8,-0.01,0.68,0.5,1,0.38
6/9/15 17:30,14.86,-0.01,0.69,0.51,1.003,0.38
6/9/15 18:00,12.58,-0.01,0.71,0.52,1.012,0.38
6/9/15 18:30,11.3,-0.01,0.73,0.52,1.017,0.39
6/9/15 19:00,10.77,-0.01,0.73,0.52,1.021,0.39
6/9/15 19:30,10.73,-0.01,0.74,0.52,1.027,0.4
6/9/15 20:00,9.87,-0.01,0.74,0.53,1.026,0.41
6/9/15 20:30,9.49,-0.01,0.74,0.53,1.032,0.41
6/9/15 21:00,8.73,-0.01,0.75,0.53,1.036,0.41
6/9/15 21:30,8.19,0,0.75,0.53,1.04,0.41
6/9/15 22:00,7.226,0,0.75,0.53,1.04,0.42
6/9/15 22:30,6.867,0,0.75,0.53,1.045,0.42
6/9/15 23:00,6.474,0,0.75,0.53,1.044,0.42
6/9/15 23:30,6.213,0,0.75,0.53,1.045,0.42
6/10/15 0:00,6.101,0,0.74,0.53,1.045,0.42
6/10/15 0:30,6.049,0.01,0.74,0.53,1.045,0.41
6/10/15 1:00,6.032,0.01,0.74,0.54,1.045,0.41
6/10/15 1:30,6.041,0.01,0.74,0.54,1.047,0.41
6/10/15 2:00,5.954,0.01,0.74,0.54,1.046,0.41
6/10/15 2:30,6.094,0.01,0.74,0.54,1.048,0.41
6/10/15 3:00,5.981,0.01,0.74,0.54,1.043,0.41
6/10/15 3:30,6.152,0.01,0.74,0.54,1.04,0.41
6/10/15 4:00,6.338,0.01,0.74,0.34,1.04,0.41
6/10/15 4:30,6.194,0.01,0.73,0.34,1.035,0.41
6/10/15 5:00,6.174,0.01,0.73,0.34,1.031,0.41
6/10/15 5:30,6.153,0.01,0.73,0.34,1.027,0.41
6/10/15 6:00,6.222,0.01,0.73,0.34,1.027,0.41
6/10/15 6:30,6.332,0.01,0.72,0.34,1.022,0.41
6/10/15 7:00,7.035,0.01,0.7,0,1.01,0.42
6/10/15 7:30,8.33,0.01,0.68,0,1.002,0.41
6/10/15 8:00,9.62,0.01,0.66,0,0.99,0.4
6/10/15 8:30,10.74,0.01,0.65,0,0.98,0.39
6/10/15 9:00,11.47,0.01,0.65,0,0.98,0.39
6/10/15 9:30,11.31,0.01,0.65,0,0.98,0.38
6/10/15 10:00,10.94,0.01,0.66,0,0.98,0.39
6/10/15 10:30,11.57,0.01,0.65,0,0.98,0.39
6/10/15 11:00,12.65,0.01,0.65,0,0.98,0.39
6/10/15 11:30,13.82,0.01,0.64,0,0.97,0.4
6/10/15 12:00,14.68,0.01,0.64,0,0.97,0.39
6/10/15 12:30,14.07,0,0.64,0,0.97,0.37
6/10/15 13:00,13.49,0,0.65,0,0.97,0.38
6/10/15 13:30,12.39,0,0.66,0,0.98,0.38
6/10/15 14:00,11.22,0,0.67,0,0.98,0.39
6/10/15 14:30,11.26,0,0.68,0,0.99,0.39
6/10/15 15:00,11.04,0,0.68,0,0.99,0.39
6/10/15 15:30,11.18,0,0.67,0,0.99,0.4
6/10/15 16:00,12.02,0,0.66,0,0.98,0.4
6/10/15 16:30,12.48,0,0.65,0,0.98,0.4
6/10/15 17:00,13.05,0,0.65,0,0.97,0.4
6/10/15 17:30,13.12,0,0.65,0,0.97,0.39
6/10/15 18:00,12.75,0,0.65,0,0.97,0.38
6/10/15 18:30,12.18,0,0.66,0,0.98,0.39
6/10/15 19:00,11.59,0,0.67,0,0.98,0.38
6/10/15 19:30,10.77,0,0.68,0,0.99,0.38
6/10/15 20:00,9.79,0,0.69,0,0.99,0.38
6/10/15 20:30,8.86,0,0.7,0,0.99,0.38
6/10/15 21:00,8.13,0,0.71,0,1,0.38
6/10/15 21:30,7.692,0,0.71,0,1,0.38
6/10/15 22:00,7.474,0,0.72,0,1,0.37
6/10/15 22:30,7.239,0,0.72,0,1,0.38
6/10/15 23:00,6.777,0,0.72,0,1,0.38
6/10/15 23:30,6.676,0,0.72,0,1,0.38
6/11/15 0:00,6.603,0,0.72,0,1,0.38
6/11/15 0:30,6.605,0,0.72,0,1,0.38
6/11/15 1:00,6.454,0,0.72,0,1,0.38
6/11/15 1:30,6.208,0,0.72,0,1,0.38
6/11/15 2:00,5.932,0,0.72,0,1,0.38
6/11/15 2:30,5.747,0,0.72,0,1,0.38
6/11/15 3:00,5.741,0,0.72,0,1,0.38
6/11/15 3:30,5.819,0,0.72,0,1,0.38
6/11/15 4:00,5.814,0,0.72,0,1,0.38
6/11/15 4:30,5.859,0,0.72,0,1,0.38
6/11/15 5:00,5.849,0,0.72,0,1,0.38
6/11/15 5:30,5.864,0,0.72,0,1,0.38
6/11/15 6:00,5.916,0,0.72,0,1,0.38
6/11/15 6:30,6.33,0,0.72,0,0.99,0.38
6/11/15 7:00,6.842,0,0.71,0,0.99,0.38
6/11/15 7:30,7.103,0,0.72,0,0.99,0.38
6/11/15 8:00,7.201,0,0.72,0,0.99,0.38
6/11/15 8:30,7.6,0,0.72,0,0.99,0.38
6/11/15 9:00,7.798,0,0.71,0,0.99,0.39
6/11/15 9:30,8.22,0,0.71,0,0.99,0.39
6/11/15 10:00,8.81,0,0.71,0,0.99,0.39
6/11/15 10:30,9.38,0,0.71,0,0.99,0.39
6/11/15 11:00,9.74,0,0.71,0,0.99,0.4
6/11/15 11:30,10.8,0,0.71,0,0.99,0.4
6/11/15 12:00,12.4,0,0.7,0,0.99,0.4
6/11/15 12:30,12.7,0,0.68,0,0.98,0.4
6/11/15 13:00,12.21,0,0.67,0,0.98,0.39
6/11/15 13:30,12.24,0,0.67,0,0.97,0.39
6/11/15 14:00,12.15,0,0.67,0,0.97,0.38
6/11/15 14:30,10.78,0,0.67,0,0.97,0.38
6/11/15 15:00,9.78,0,0.68,0,0.98,0.38
6/11/15 15:30,9.06,0,0.69,0,0.98,0.38
6/11/15 16:00,8.69,0,0.69,0,0.98,0.38
6/11/15 16:30,8.54,0,0.7,0,0.98,0.38
6/11/15 17:00,8.05,0,0.7,0,0.99,0.38
6/11/15 17:30,7.645,0,0.7,0,0.99,0.38
6/11/15 18:00,7.367,0,0.7,0,0.99,0.38
6/11/15 18:30,7.202,0,0.7,0,0.99,0.38
6/11/15 19:00,7.083,0,0.7,0,0.99,0.38
6/11/15 19:30,7.042,0,0.7,0,0.98,0.37
6/11/15 20:00,6.871,0,0.7,0,0.98,0.37
6/11/15 20:30,6.71,0,0.7,0,0.98,0.37
6/11/15 21:00,6.577,0,0.7,0,0.98,0.37
6/11/15 21:30,6.533,0,0.7,0,0.98,0.37
6/11/15 22:00,6.452,0,0.7,0,0.98,0.37
6/11/15 22:30,6.367,0,0.7,0,0.98,0.37
6/11/15 23:00,6.27,0,0.7,0,0.98,0.37
6/11/15 23:30,6.165,0,0.7,0,0.98,0.37
6/12/15 0:00,5.756,0,0.7,0,0.98,0.37
6/12/15 0:30,4.997,0,0.71,0,0.98,0.36
6/12/15 1:00,4.439,0,0.71,0,0.98,0.36
6/12/15 1:30,3.666,0,0.71,0,0.98,0.36
6/12/15 2:00,2.708,0,0.7,0,0.98,0.36
6/12/15 2:30,1.979,0,0.7,0,0.98,0.36
6/12/15 3:00,1.685,0,0.71,0,0.98,0.37
6/12/15 3:30,1.439,0,0.71,0,0.98,0.37
6/12/15 4:00,1.24,0,0.71,0,0.97,0.36
6/12/15 4:30,1.183,0,0.71,0,0.97,0.36
6/12/15 5:00,1.166,0,0.71,0.5,0.97,0.36
6/12/15 5:30,1.067,0,0.71,0.5,0.97,0.37
6/12/15 6:00,1.045,0,0.71,0.49,0.97,0.38
6/12/15 6:30,1.591,0,0.71,0.49,0.97,0.38
6/12/15 7:00,2.652,0,0.71,0.49,0.97,0.38
6/12/15 7:30,4.613,0,0.71,0.49,0.97,0.38
6/12/15 8:00,6.875,0,0.7,0.49,0.98,0.38
6/12/15 8:30,9.04,0,0.69,0.5,0.98,0.39
6/12/15 9:00,10.85,0,0.66,0.5,0.97,0.41
6/12/15 9:30,12.6,0,0.62,0.5,0.96,0.42
6/12/15 10:00,14.46,0,0.61,0.5,0.94,0.43
6/12/15 10:30,17.4,0,0.6,0.48,0.93,0.39
6/12/15 11:00,18.14,0.01,0.6,0.46,0.93,0.37
6/12/15 11:30,16.22,0.01,0.6,0.46,0.93,0.37
6/12/15 12:00,15.51,0,0.61,0.46,0.93,0.37
6/12/15 12:30,16.11,0,0.61,0.46,0.93,0.37
6/12/15 13:00,17.83,0,0.61,0.46,0.93,0.37
6/12/15 13:30,19.02,-0.01,0.62,0.46,0.93,0.37
6/12/15 14:00,19.02,-0.01,0.62,0.46,0.94,0.37
6/12/15 14:30,19.01,-0.01,0.63,0.46,0.94,0.37
6/12/15 15:00,18.57,-0.01,0.63,0.46,0.94,0.37
6/12/15 15:30,21.8,-0.01,0.62,0.46,0.94,0.37
6/12/15 16:00,23.27,-0.01,0.62,0.46,0.94,0.36
6/12/15 16:30,19.91,-0.01,0.62,0.46,0.94,0.37
6/12/15 17:00,16.64,-0.01,0.63,0.46,0.94,0.36
6/12/15 17:30,14.89,-0.01,0.63,0.46,0.95,0.36
6/12/15 18:00,13.64,-0.01,0.64,0.47,0.95,0.37
6/12/15 18:30,12.53,-0.01,0.65,0.47,0.95,0.37
6/12/15 19:00,11.69,-0.01,0.65,0.48,0.96,0.37
6/12/15 19:30,10.95,-0.01,0.66,0.48,0.96,0.37
6/12/15 20:00,10.3,-0.01,0.67,0.49,0.96,0.38
6/12/15 20:30,9.39,-0.01,0.68,0.49,0.97,0.39
6/12/15 21:00,8.39,-0.01,0.68,0.5,0.98,0.39
6/12/15 21:30,7.576,0,0.69,0.5,0.98,0.39
6/12/15 22:00,6.995,0,0.7,0.5,0.99,0.39
6/12/15 22:30,6.47,0,0.7,0.5,0.99,0.39
6/12/15 23:00,6.22,0,0.7,0.5,0.99,0.39
6/12/15 23:30,6.353,0,0.7,0.5,0.99,0.39
6/13/15 0:00,6.64,0,0.7,0.5,0.98,0.38
6/13/15 0:30,6.896,0,0.71,0.51,0.98,0.39
6/13/15 1:00,6.705,0,0.71,0.51,0.98,0.38
6/13/15 1:30,6.398,0,0.7,0.51,0.98,0.39
6/13/15 2:00,6.39,0,0.7,0.51,0.98,0.38
6/13/15 2:30,6.364,0,0.7,0.51,0.98,0.38
6/13/15 3:00,6.277,0,0.7,0.51,0.97,0.39
6/13/15 3:30,6.441,0,0.7,0.51,0.98,0.39
6/13/15 4:00,6.737,0,0.69,0.51,0.97,0.39
6/13/15 4:30,7.012,0,0.69,0.5,0.97,0.38
6/13/15 5:00,6.929,0,0.69,0.5,0.97,0.38
6/13/15 5:30,6.783,0,0.69,0.5,0.97,0.38
6/13/15 6:00,6.656,0,0.68,,0.96,0.38
6/13/15 6:30,6.865,0,0.67,,0.95,0.38
6/13/15 7:00,7.518,0,0.64,,0.95,0.38
6/13/15 7:30,9.2,0,0.61,,0.94,0.38
6/13/15 8:00,11.92,0.01,0.61,,0.93,0.37
6/13/15 8:30,14.4,0.01,0.6,,0.93,0.37
6/13/15 9:00,15.77,0.01,0.6,,0.92,0.38
6/13/15 9:30,16.92,0,0.6,,0.92,0.39
6/13/15 10:00,18.14,0,0.59,,0.92,0.4
6/13/15 10:30,20.59,0,0.59,,0.91,0.37
6/13/15 11:00,21,0,0.6,,0.91,0.35
6/13/15 11:30,19.1,-0.01,0.6,,0.91,0.35
6/13/15 12:00,18.25,-0.01,0.6,,0.91,0.35
6/13/15 12:30,19.3,-0.01,0.6,,0.92,0.35
6/13/15 13:00,22.5,-0.01,0.61,,0.92,0.35
6/13/15 13:30,25.27,-0.01,0.61,0.46,0.92,0.36
6/13/15 14:00,27.33,-0.01,0.61,0.46,0.92,0.36
6/13/15 14:30,28.92,-0.01,0.61,0.46,0.92,0.36
6/13/15 15:00,29.69,-0.01,0.61,0.46,0.92,0.36
6/13/15 15:30,29.74,-0.01,0.61,0.46,0.93,0.36
6/13/15 16:00,27.85,-0.01,0.62,0.46,0.93,0.36
6/13/15 16:30,22.91,-0.01,0.62,0.46,0.93,0.37
6/13/15 17:00,19.21,-0.01,0.62,0.46,0.93,0.37
6/13/15 17:30,17.23,-0.01,0.63,0.46,0.93,0.37
6/13/15 18:00,15.99,-0.01,0.63,0.46,0.94,0.37
6/13/15 18:30,15.16,-0.01,0.64,0.47,0.94,0.37
6/13/15 19:00,14.37,0,0.64,0.47,0.94,0.37
6/13/15 19:30,13.54,0,0.65,0.48,0.94,0.37
6/13/15 20:00,12.47,0,0.66,0.48,0.95,0.37
6/13/15 20:30,11.38,0,0.67,0.49,0.95,0.38
6/13/15 21:00,10.25,0,0.68,0.49,0.96,0.38
6/13/15 21:30,9.4,0,0.69,0.49,0.97,0.39
6/13/15 22:00,8.9,0,0.69,0.5,0.97,0.39
6/13/15 22:30,8.78,0,0.7,0.5,0.97,0.39
6/13/15 23:00,8.65,0,0.7,0.5,0.97,0.38
6/13/15 23:30,8.46,0,0.7,0.5,0.97,0.38
6/14/15 0:00,8.3,0,0.7,0.5,0.97,0.38
6/14/15 0:30,8.1,0,0.7,0.5,0.97,0.39
6/14/15 1:00,7.84,0.01,0.7,0.5,0.97,0.38
6/14/15 1:30,7.322,0.01,0.7,0.5,0.97,0.38
6/14/15 2:00,6.636,0.01,0.7,0.5,0.97,0.39
6/14/15 2:30,6.438,0.01,0.7,0.5,0.97,0.39
6/14/15 3:00,6.402,0.01,0.7,0.5,0.97,0.38
6/14/15 3:30,6.498,0.01,0.69,0.5,0.96,0.38
6/14/15 4:00,6.863,0.01,0.69,0.5,0.96,0.38
6/14/15 4:30,7.096,0.01,0.68,0.51,0.96,0.38
6/14/15 5:00,7.024,0.01,0.69,0.51,0.96,0.38
6/14/15 5:30,6.786,0.01,0.69,0.51,0.96,0.38
6/14/15 6:00,6.504,0.01,0.68,0.5,0.96,0.39
6/14/15 6:30,6.432,0.01,0.65,0.5,0.95,0.39
6/14/15 7:00,7.233,0.01,0.62,0.49,0.93,0.39
6/14/15 7:30,9.32,0.01,0.6,0.48,0.92,0.38
6/14/15 8:00,12.51,0.01,0.59,0.47,0.92,0.37
6/14/15 8:30,15.54,0.01,0.59,0.47,0.91,0.37
6/14/15 9:00,17.18,0.01,0.58,0.46,0.91,0.37
6/14/15 9:30,18.46,0.01,0.58,0.45,0.9,0.39
6/14/15 10:00,19.9,0,0.58,0.44,0.9,0.41
6/14/15 10:30,22.16,0,0.58,0.44,0.9,0.36
6/14/15 11:00,22.73,0,0.58,0.44,0.89,0.35
6/14/15 11:30,21.02,0,0.59,0.44,0.9,0.35
6/14/15 12:00,19.54,-0.01,0.6,0.44,0.9,0.35
6/14/15 12:30,20.2,-0.01,0.6,0.44,0.9,0.35
6/14/15 13:00,23.58,-0.01,0.6,0.44,0.9,0.35
6/14/15 13:30,26.22,-0.01,0.6,0.45,0.9,0.34
6/14/15 14:00,28.03,-0.01,0.6,0.45,0.91,0.35
6/14/15 14:30,25.05,-0.01,0.61,0.45,0.91,0.35
6/14/15 15:00,21.74,-0.01,0.62,0.46,0.91,0.36
6/14/15 15:30,18.78,-0.01,0.62,0.46,0.92,0.36
6/14/15 16:00,17.13,-0.01,0.63,0.46,0.92,0.36
6/14/15 16:30,16,-0.01,0.62,0.46,0.92,0.36
6/14/15 17:00,14.98,-0.01,0.63,0.46,0.92,0.36
6/14/15 17:30,14.49,-0.01,0.62,0.46,0.92,0.37
6/14/15 18:00,14.04,-0.01,0.63,0.47,0.93,0.37
6/14/15 18:30,13.6,0,0.63,0.47,0.93,0.37
6/14/15 19:00,13.13,0,0.63,0.47,0.93,0.37
6/14/15 19:30,12.57,0,0.64,0.48,0.93,0.37
6/14/15 20:00,11.67,0,0.65,0.48,0.94,0.37
6/14/15 20:30,10.45,0,0.66,0.48,0.94,0.37
6/14/15 21:00,9.57,0,0.67,0.49,0.94,0.37
6/14/15 21:30,8.6,0,0.68,0.49,0.94,0.37
6/14/15 22:00,7.772,0,0.68,0.49,0.95,0.37
6/14/15 22:30,7.134,0,0.69,0.49,0.95,0.37
6/14/15 23:00,6.796,0,0.69,0.49,0.95,0.37
6/14/15 23:30,6.873,0,0.69,0.49,0.95,0.37
6/15/15 0:00,6.862,0,0.69,0.49,0.95,0.37
6/15/15 0:30,7.01,0,0.7,0.49,0.95,0.37
6/15/15 1:00,6.761,0,0.7,0.49,0.96,0.37
6/15/15 1:30,6.684,0,0.7,0.49,0.96,0.37
6/15/15 2:00,6.069,0.01,0.7,0.49,0.96,0.37
6/15/15 2:30,5.681,0.01,0.7,0.49,0.96,0.37
6/15/15 3:00,5.173,0.01,0.7,0.49,0.96,0.37
6/15/15 3:30,4.745,0.01,0.7,0.49,0.96,0.37
6/15/15 4:00,4.539,0.01,0.69,0.49,0.96,0.37
6/15/15 4:30,4.468,0.01,0.69,0.49,0.96,0.37
6/15/15 5:00,4.306,0.01,0.69,0.49,0.96,0.37
6/15/15 5:30,4.239,0.02,0.69,0.49,0.96,0.37
6/15/15 6:00,4.316,0.02,0.68,0.49,0.96,0.38
6/15/15 6:30,4.605,0.02,0.67,0.49,0.95,0.39
6/15/15 7:00,6.027,0.02,0.64,0.49,0.94,0.39
6/15/15 7:30,8.35,0.02,0.6,0.49,0.92,0.38
6/15/15 8:00,11.24,0.02,0.58,0.48,0.9,0.36
6/15/15 8:30,14.39,0.02,0.58,0.47,0.89,0.36
6/15/15 9:00,16.26,0.02,0.57,0.45,0.89,0.37
6/15/15 9:30,17.65,0.01,0.57,0.45,0.89,0.37
6/15/15 10:00,18.01,0.01,0.58,0.44,0.88,0.39
6/15/15 10:30,20.75,0,0.58,0.43,0.88,0.36
6/15/15 11:00,19.69,0,0.58,0.43,0.88,0.35
6/15/15 11:30,18.07,0,0.59,0.44,0.88,0.35
6/15/15 12:00,16.69,0,0.59,0.43,0.88,0.35
6/15/15 12:30,17.39,0,0.59,0.44,0.88,0.35
6/15/15 13:00,17.47,0,0.59,0.44,0.89,0.35
6/15/15 13:30,17.69,-0.01,0.59,0.44,0.88,0.35
6/15/15 14:00,19.83,-0.01,0.59,0.44,0.88,0.35
6/15/15 14:30,21.71,-0.01,0.59,0.44,0.89,0.35
6/15/15 15:00,20.46,-0.01,0.59,0.45,0.89,0.35
6/15/15 15:30,20.12,-0.01,0.6,0.45,0.89,0.35
6/15/15 16:00,18.07,-0.01,0.6,0.45,0.89,0.35
6/15/15 16:30,15.03,-0.01,0.61,0.46,0.9,0.35
6/15/15 17:00,13.29,-0.01,0.62,0.46,0.9,0.36
6/15/15 17:30,12.69,-0.01,0.63,0.46,0.9,0.36
6/15/15 18:00,12.24,-0.01,0.63,0.46,0.9,0.36
6/15/15 18:30,11.47,-0.01,0.64,0.47,0.91,0.35
6/15/15 19:00,9.82,-0.01,0.65,0.47,0.91,0.35
6/15/15 19:30,7.846,-0.01,0.65,0.47,0.91,0.35
6/15/15 20:00,7.388,-0.01,0.66,0.47,0.92,0.35
6/15/15 20:30,7.193,0,0.67,0.47,0.92,0.35
6/15/15 21:00,7.067,0,0.67,0.47,0.92,0.35
6/15/15 21:30,6.578,0,0.67,0.47,0.92,0.35
6/15/15 22:00,6.343,0,0.68,0.47,0.92,0.35
6/15/15 22:30,6.068,0,0.68,0.47,0.92,0.35
6/15/15 23:00,5.971,0,0.68,0.47,0.92,0.35
6/15/15 23:30,5.711,0,0.68,0.47,0.92,0.35
6/16/15 0:00,5.801,0,0.68,0.47,0.92,0.36
6/16/15 0:30,6.203,0,0.68,0.47,0.92,0.35
6/16/15 1:00,6.147,0,0.68,0.47,0.92,0.35
6/16/15 1:30,6.117,0,0.68,0.47,0.92,0.35
6/16/15 2:00,5.986,0,0.68,0.47,0.92,0.35
6/16/15 2:30,6.029,0,0.67,0.47,0.91,0.35
6/16/15 3:00,6.155,0,0.67,0.47,0.91,0.35
6/16/15 3:30,6.453,0,0.67,0.47,0.91,0.35
6/16/15 4:00,6.403,0,0.67,0.47,0.91,0.35
6/16/15 4:30,6.074,0,0.66,0.47,0.9,0.34
6/16/15 5:00,5.564,0,0.66,0.47,0.9,0.34
6/16/15 5:30,5.277,0,0.66,0.46,0.9,0.34
6/16/15 6:00,5.483,0,0.66,0.46,0.89,0.34
6/16/15 6:30,5.726,0,0.65,0.46,0.89,0.34
6/16/15 7:00,5.951,0,0.65,0.46,0.89,0.34
6/16/15 7:30,6.177,0,0.65,0.46,0.89,0.35
6/16/15 8:00,6.68,0,0.65,0.46,0.89,0.35
6/16/15 8:30,7.652,0,0.65,0.46,0.9,0.35
6/16/15 9:00,9.69,0,0.65,0.46,0.9,0.36
6/16/15 9:30,11.86,0,0.64,0.46,0.89,0.37
6/16/15 10:00,13.73,0,0.61,0.47,0.89,0.4
6/16/15 10:30,16.65,0,0.59,0.47,0.87,0.37
6/16/15 11:00,17.8,0,0.57,0.46,0.85,0.35
6/16/15 11:30,16.28,0,0.57,0.44,0.85,0.34
6/16/15 12:00,15.49,0,0.57,0.43,0.85,0.33
6/16/15 12:30,15.79,0,0.57,0.43,0.86,0.34
6/16/15 13:00,15.52,0,0.58,0.43,0.86,0.34
6/16/15 13:30,16.29,0,0.58,0.43,0.87,0.34
6/16/15 14:00,16.05,0,0.58,0.43,0.86,0.34
6/16/15 14:30,17.63,0,0.57,0.43,0.86,0.34
6/16/15 15:00,19.63,0,0.56,0.43,0.86,0.34
6/16/15 15:30,18.32,0,0.57,0.43,0.86,0.34
6/16/15 16:00,16.83,0,0.57,0.43,0.86,0.34
6/16/15 16:30,15.95,0,0.57,0.43,0.86,0.34
6/16/15 17:00,15.31,0,0.57,0.43,0.86,0.34
6/16/15 17:30,14.47,0,0.58,0.43,0.86,0.34
6/16/15 18:00,13.97,0.01,0.57,0.43,0.86,0.34
6/16/15 18:30,13.32,0.01,0.58,0.44,0.86,0.34
6/16/15 19:00,12.49,0.01,0.59,0.44,0.87,0.34
6/16/15 19:30,11.64,0.01,0.6,0.44,0.87,0.34
6/16/15 20:00,10.87,0.01,0.61,0.45,0.88,0.35
6/16/15 20:30,10.29,0,0.62,0.45,0.88,0.35
6/16/15 21:00,9.36,0,0.62,0.46,0.88,0.35
6/16/15 21:30,8.57,0,0.63,0.46,0.88,0.35
6/16/15 22:00,8.03,0,0.64,0.46,0.89,0.35
6/16/15 22:30,7.809,0,0.64,0.46,0.89,0.35
6/16/15 23:00,7.167,0,0.65,0.46,0.89,0.35
6/16/15 23:30,6.678,0.01,0.65,0.46,0.9,0.35
6/17/15 0:00,6.286,0.01,0.65,0.46,0.9,0.35
6/17/15 0:30,6.027,0.01,0.65,0.46,0.91,0.35
6/17/15 1:00,5.801,0.01,0.65,0.46,0.91,0.36
6/17/15 1:30,5.62,0.01,0.65,0.46,0.91,0.36
6/17/15 2:00,5.447,0.01,0.65,0.47,0.9,0.35
6/17/15 2:30,5.137,0.01,0.65,0.46,0.9,0.36
6/17/15 3:00,5.016,0.01,0.65,0.47,0.91,0.35
6/17/15 3:30,4.805,0.01,0.65,0.47,0.91,0.35
6/17/15 4:00,4.508,0.01,0.65,0.47,0.91,0.35
6/17/15 4:30,4.227,0.01,0.64,0.47,0.91,0.35
6/17/15 5:00,4.017,0.01,0.64,0.47,0.9,0.35
6/17/15 5:30,3.908,0.01,0.64,0.46,0.9,0.35
6/17/15 6:00,3.936,0.01,0.63,0.46,0.9,0.36
6/17/15 6:30,4.682,0.01,0.62,0.46,0.89,0.36
6/17/15 7:00,5.951,0.01,0.59,0.46,0.88,0.36
6/17/15 7:30,8.02,0.01,0.56,0.45,0.86,0.35
6/17/15 8:00,10.94,0,0.55,0.44,0.85,0.34
6/17/15 8:30,13.66,0,0.54,0.43,0.84,0.34
6/17/15 9:00,15.47,0,0.54,0.42,0.83,0.35
6/17/15 9:30,17.1,0,0.54,0.41,0.83,0.36
6/17/15 10:00,18.49,0,0.54,0.4,0.82,0.38
6/17/15 10:30,20.94,-0.01,0.53,0.4,0.82,0.34
6/17/15 11:00,22.02,-0.01,0.53,0.4,0.82,0.33
6/17/15 11:30,20.18,-0.01,0.54,0.4,0.82,0.32